Feature_1,Feature_2,Feature_3,Feature_4,Feature_5
69.89534335206461,69.49055557176371,6.774371163901716,30.69890368640431,C
36.208320849841556,39.93672571053701,78.48119443587304,39.25248844473255,B
96.32412223481218,26.45995188191649,78.3172531070058,45.395175945098885,A
50.72771722154816,29.110040783703784,80.70557018157501,81.29689945089237,A
41.210403460657176,14.483256812375023,91.80450093071423,84.93925143434112,C
