Feature_1,Feature_2,Feature_3,Feature_4,Feature_5
A,69.49055557176371,6.774371163901716,30.69890368640431,1
B,39.93672571053701,78.48119443587304,39.25248844473255,1
C,26.45995188191649,78.3172531070058,45.395175945098885,-1
D,29.110040783703784,80.70557018157501,81.29689945089237,1
E,14.483256812375023,91.80450093071423,84.93925143434112,1
