Feature_1,Feature_2,Feature_3,Feature_4,Feature_5
7.776,1,6.774371163901716,30.69890368640431,1
59.33,-1,78.48119443587304,39.25248844473255,1
4.816,1,78.3172531070058,45.395175945098885,-1
3.334,1,80.70557018157501,81.29689945089237,1
6.8898,-1,91.80450093071423,84.93925143434112,1
