Feature_1,Feature_2,Feature_3,Feature_4,Feature_5
82.1094410208176,43.43036008635035,25.52222735178248,58.525971920682366,1
56.792693614190256,78.17496174194119,53.382464431982434,19.086144342264955,1
98.59896641711435,5.8346371449459085,24.606280865242923,79.86792671981513,1
98.62671634849796,20.058965454553167,44.44362339722604,73.70850787774953,1
47.17099855490483,21.305551248032195,4.459758268444292,10.978811465407679,1
