Feature_1,Feature_2,Feature_3,Feature_4,Feature_5
1.838600212672703,58.500352934959345,16.534658797912027,47.6089110945072,-1
4.181711179842118,79.68647169203457,53.63172880137924,69.69762821371442,-1
39.96499637615166,61.7497797393106,81.57241039768599,75.1439863935695,-1
20.973096668129187,37.88160468990493,85.36708134127501,12.165090677878831,-1
13.65764152759742,76.27630249682261,32.328060635974346,54.205282826249366,1
