Feature_1,Feature_2,Feature_3,Feature_4,Feature_5
4.470616228442781,  ,69.32928196126637,28.837913635683787,1
11.170043781192597,62.856759876253996,96.27178533621586,24.06004237293171,1
87.95818153432587,94.03156347952365,,28.73634928540628,-1
        ,46.805972789623574,7.965549605192191,87.8179277227967,-1
33.96819049104731,25.297404428561133,71.82085240572732,28.5963103464689,-1
